image_name,inference_values
010011.jpg,"(501.95379638671875,492.9447021484375,611.8956909179688,734.895751953125 , 0.7772472500801086)"
010033.jpg,"(844.7066040039062,417.5640869140625,980.2340698242188,659.841064453125 , 0.5151461362838745) | (1093.1473388671875,403.89556884765625,1200.3433837890625,618.2589111328125 , 0.4584171175956726) | (366.56561279296875,634.205810546875,515.9166259765625,891.770751953125 , 0.4549526572227478) | (405.4151916503906,504.246337890625,500.1480407714844,666.69775390625 , 0.43848860263824463) | (1101.8983154296875,407.0870361328125,1199.3726806640625,515.0390625 , 0.33418506383895874)"
010047.jpg,"(168.68927001953125,357.88360595703125,248.27496337890625,584.62255859375 , 0.7831167578697205) | (403.9063720703125,690.9566650390625,550.8734130859375,901.76904296875 , 0.4997093081474304) | (0.0622406005859375,435.5582275390625,71.98504638671875,651.829345703125 , 0.39728137850761414)"
010056.jpg,"(467.85516357421875,672.0345458984375,593.5917358398438,913.16455078125 , 0.8452544808387756) | (323.85284423828125,655.7581787109375,432.45745849609375,900.9967041015625 , 0.8292065262794495) | (848.347900390625,578.115966796875,946.685546875,882.446533203125 , 0.6164645552635193) | (684.4882202148438,620.03125,788.4959106445312,855.506591796875 , 0.5656296014785767) | (855.0863037109375,580.2998046875,982.0064697265625,875.6494140625 , 0.467765748500824)"
010058.jpg,"(600.694580078125,426.452392578125,721.933837890625,705.683837890625 , 0.8771235346794128) | (520.769775390625,377.9466552734375,601.182861328125,617.447265625 , 0.8124861121177673) | (934.80517578125,591.685302734375,1067.9580078125,773.21533203125 , 0.48196977376937866)"
010073.jpg,
010078.jpg,"(85.93948364257812,793.025634765625,174.37744140625,1023.09423828125 , 0.8693718314170837) | (156.34585571289062,291.6861572265625,269.7517395019531,528.3924560546875 , 0.8413429856300354)"
010082.jpg,"(280.5762939453125,536.9227294921875,412.039306640625,752.7281494140625 , 0.5957466959953308)"
010084.jpg,"(1054.2874755859375,328.66070556640625,1155.2393798828125,521.562255859375 , 0.6459783911705017) | (281.41680908203125,129.03012084960938,364.10601806640625,335.4432373046875 , 0.4612898826599121) | (929.5620727539062,196.62208557128906,989.6246948242188,409.9498291015625 , 0.389279305934906) | (342.3447265625,149.9171142578125,409.6568603515625,379.04302978515625 , 0.26076698303222656)"
010088.jpg,"(377.0482177734375,655.7188720703125,496.2933349609375,914.9622802734375 , 0.7721642851829529) | (771.1334228515625,299.436279296875,859.671142578125,530.5065307617188 , 0.7712529301643372) | (553.19775390625,329.81085205078125,621.919921875,552.8888549804688 , 0.7384921908378601) | (686.2265625,427.81915283203125,765.6708984375,677.1362915039062 , 0.4811500012874603) | (303.744384765625,653.2657470703125,418.0325927734375,851.647216796875 , 0.4177347719669342) | (259.2603759765625,172.04156494140625,357.5771484375,386.90618896484375 , 0.39246052503585815) | (304.40301513671875,652.3623046875,387.40631103515625,838.27197265625 , 0.3199465572834015) | (851.3963623046875,322.09161376953125,902.8045654296875,497.62652587890625 , 0.29734349250793457) | (656.0538940429688,410.41070556640625,769.0698852539062,702.7240600585938 , 0.2521580159664154)"
010097.jpg,
010105.jpg,"(312.4806213378906,396.5037841796875,380.5377502441406,615.1087646484375 , 0.7775679230690002) | (233.47036743164062,367.47308349609375,323.6274719238281,597.8609619140625 , 0.7774683237075806) | (113.51272583007812,214.6484375,181.07687377929688,416.5521240234375 , 0.6299291253089905) | (202.92745971679688,635.3179931640625,355.7182312011719,834.2479248046875 , 0.5250130295753479) | (118.35760498046875,261.584716796875,183.04510498046875,416.86492919921875 , 0.28824907541275024)"
010145.jpg,"(907.7178344726562,363.59381103515625,977.6271362304688,577.0360107421875 , 0.7991237044334412) | (779.783447265625,303.56854248046875,860.172607421875,565.6512451171875 , 0.5592337250709534)"
010151.jpg,"(1201.6842041015625,600.3277587890625,1279.4173583984375,868.8966064453125 , 0.7618081569671631) | (1128.8349609375,378.06939697265625,1239.955810546875,572.5073852539062 , 0.5875642895698547) | (344.852294921875,529.4061279296875,446.0509033203125,739.6497802734375 , 0.5291338562965393)"
010164.jpg,"(812.5453491210938,404.3367614746094,958.9171752929688,658.8055419921875 , 0.43895429372787476)"
010195.jpg,"(120.19229125976562,700.3673706054688,272.33587646484375,946.4225463867188 , 0.8555395603179932) | (249.8955078125,735.666259765625,360.3558349609375,956.138916015625 , 0.7612001895904541) | (0.11144256591796875,724.7340087890625,39.547080993652344,964.1768798828125 , 0.5750172138214111)"
010218.jpg,"(45.12550354003906,689.319091796875,204.51571655273438,897.7900390625 , 0.5047272443771362)"
010230.jpg,"(469.22149658203125,367.9842529296875,554.291259765625,609.953857421875 , 0.8571232557296753) | (698.6656494140625,355.3455810546875,763.4461669921875,588.9156494140625 , 0.8041234612464905) | (1081.8299560546875,74.76834106445312,1149.1424560546875,275.33251953125 , 0.5436474680900574) | (284.65484619140625,432.94500732421875,353.96807861328125,659.5751342773438 , 0.5110605955123901) | (959.0692138671875,443.5794372558594,1013.3223876953125,662.4974365234375 , 0.47332391142845154) | (358.95672607421875,394.35980224609375,427.85418701171875,657.4291381835938 , 0.4456274211406708) | (303.0027160644531,431.5063171386719,369.0254211425781,659.287841796875 , 0.43798503279685974) | (1109.27978515625,72.7919921875,1157.91455078125,271.0392761230469 , 0.374679297208786) | (1076.917724609375,75.26663208007812,1125.011962890625,269.73974609375 , 0.25461655855178833)"
010254.jpg,"(60.022891998291016,377.46954345703125,172.49114990234375,626.6560668945312 , 0.7736465930938721) | (1006.367431640625,131.97659301757812,1085.806396484375,357.2178955078125 , 0.7009323239326477) | (137.77020263671875,115.82077026367188,196.9071044921875,291.3318176269531 , 0.6960299611091614) | (810.8907470703125,407.0297546386719,958.739013671875,657.519775390625 , 0.6581413149833679)"
010279.jpg,"(476.3122253417969,375.9271240234375,564.994873046875,609.8095703125 , 0.7905985713005066) | (798.8292236328125,437.6962890625,881.0648193359375,700.8218994140625 , 0.7805752754211426) | (672.36669921875,751.0082397460938,859.4453125,1011.3350219726562 , 0.6871498227119446) | (968.993896484375,590.0349731445312,1044.0081787109375,808.2379760742188 , 0.5619657039642334) | (870.0966796875,224.74171447753906,948.244384765625,462.247314453125 , 0.4738280475139618) | (902.0498046875,622.5006103515625,1002.5048828125,816.4642333984375 , 0.31580662727355957) | (938.641845703125,565.2454833984375,1041.80517578125,811.716552734375 , 0.25423330068588257)"
010292.jpg,"(550.522216796875,320.10943603515625,624.0286865234375,552.6036376953125 , 0.794668436050415) | (377.220947265625,655.3748779296875,505.5877685546875,920.2647705078125 , 0.7192671298980713) | (1089.408935546875,39.990753173828125,1163.522216796875,268.159423828125 , 0.592719316482544) | (313.3284912109375,651.3577880859375,391.46258544921875,904.4315185546875 , 0.4441472887992859) | (1159.39453125,15.63067626953125,1237.88818359375,286.0314636230469 , 0.36746877431869507) | (629.307861328125,706.8494873046875,752.2447509765625,934.1285400390625 , 0.3348061740398407) | (0.12087631225585938,332.03143310546875,61.341060638427734,561.9072265625 , 0.2973513603210449) | (559.1180419921875,707.8875732421875,752.01953125,931.6365966796875 , 0.2592984139919281)"
010322.jpg,"(218.61029052734375,839.271484375,345.83355712890625,1024.0 , 0.5542494654655457)"
010392.jpg,"(22.364238739013672,387.01629638671875,131.6370391845703,621.4354248046875 , 0.7280993461608887) | (1036.24560546875,34.457550048828125,1120.275390625,218.30848693847656 , 0.6521078944206238) | (483.213623046875,351.2646484375,563.32763671875,569.3218994140625 , 0.5207383632659912)"
010407.jpg,"(487.4594421386719,345.39666748046875,596.095703125,582.834228515625 , 0.8180761933326721) | (347.316162109375,384.0452880859375,458.922119140625,648.3226318359375 , 0.798847496509552) | (905.5785522460938,468.34454345703125,1022.7819213867188,666.7699584960938 , 0.6239654421806335) | (994.1216430664062,42.27214050292969,1069.50439453125,236.21095275878906 , 0.5628825426101685) | (1164.5478515625,1.167083740234375,1232.239990234375,226.513671875 , 0.4722033739089966)"
010419.jpg,"(575.2667236328125,331.43115234375,655.9146728515625,590.7120361328125 , 0.6638660430908203) | (909.073974609375,529.326904296875,993.1888427734375,794.6162109375 , 0.5896316766738892)"
010422.jpg,
010460.jpg,"(163.4402618408203,265.47650146484375,248.9623260498047,493.3638916015625 , 0.7555267214775085) | (66.83224487304688,229.75552368164062,140.55682373046875,468.8555603027344 , 0.7042129039764404)"
010467.jpg,"(1074.7169189453125,555.7691650390625,1211.6439208984375,775.3184814453125 , 0.7833573222160339) | (786.616943359375,561.305419921875,868.69873046875,807.1673583984375 , 0.6495984792709351) | (613.0445556640625,583.286376953125,713.29345703125,780.0301513671875 , 0.27620741724967957)"
010485.jpg,"(750.985595703125,389.62860107421875,831.2357177734375,625.3250122070312 , 0.3777112364768982)"
010571.jpg,"(917.53857421875,477.80352783203125,1029.17041015625,716.4144897460938 , 0.6605932116508484) | (360.41497802734375,533.49365234375,518.4850463867188,803.9761962890625 , 0.4745466113090515) | (807.5398559570312,408.451416015625,969.2478637695312,648.3162841796875 , 0.332113653421402)"
020006.jpg,"(20.651142120361328,521.08740234375,114.99708557128906,743.890625 , 0.6440189480781555)"
020008.jpg,
020025.jpg,"(368.92254638671875,334.5225830078125,451.73626708984375,572.624267578125 , 0.7476530075073242) | (453.453125,359.42236328125,514.2392578125,566.968505859375 , 0.5657427906990051)"
020073.jpg,"(414.5411376953125,438.2608642578125,556.5857543945312,697.8260498046875 , 0.812421977519989)"
020078.jpg,
020088.jpg,"(870.1472778320312,113.8387451171875,966.6619262695312,369.9683532714844 , 0.6135051250457764)"
020091.jpg,"(261.8499755859375,627.1328125,352.097412109375,888.42626953125 , 0.666852593421936) | (162.1519317626953,642.3145141601562,247.5912628173828,920.1996459960938 , 0.6443715691566467)"
020117.jpg,
020132.jpg,"(510.2159423828125,240.90582275390625,640.9007568359375,473.81719970703125 , 0.7172611355781555)"
020169.jpg,
020227.jpg,
020230.jpg,
020236.jpg,"(519.5843505859375,365.84271240234375,617.7484130859375,578.38671875 , 0.5749921202659607) | (232.77053833007812,491.4195251464844,327.4043273925781,734.8162841796875 , 0.5359503626823425) | (88.53353881835938,478.1764831542969,192.20648193359375,784.8232421875 , 0.4801749289035797) | (92.74208068847656,477.73236083984375,190.00559997558594,683.2494506835938 , 0.29589152336120605) | (538.1360473632812,447.30889892578125,610.5671997070312,578.0095825195312 , 0.2941918969154358)"
020250.jpg,"(293.9643249511719,205.19032287597656,424.7741394042969,421.44287109375 , 0.6132346391677856)"
020272.jpg,
020288.jpg,"(590.8740234375,624.697509765625,695.9031982421875,899.0841064453125 , 0.38018524646759033)"
020305.jpg,
020322.jpg,"(63.876220703125,838.116455078125,167.5247802734375,1023.5863037109375 , 0.7435993552207947)"
020326.jpg,"(311.64129638671875,606.220703125,453.97613525390625,830.2646484375 , 0.7705997824668884)"
020332.jpg,
020334.jpg,"(65.6497802734375,498.885986328125,180.96102905273438,760.8218994140625 , 0.6521477699279785)"
020348.jpg,
020352.jpg,
020364.jpg,"(408.294677734375,74.33438110351562,537.6752319335938,272.9810485839844 , 0.4225549101829529)"
020432.jpg,"(95.95889282226562,399.725341796875,215.22027587890625,656.5777587890625 , 0.8134042024612427)"
020460.jpg,"(353.93267822265625,464.1731262207031,530.90576171875,886.113525390625 , 0.7849874496459961)"
020475.jpg,
020476.jpg,
020489.jpg,"(313.54974365234375,596.9635009765625,399.50616455078125,857.2147216796875 , 0.7957741022109985) | (483.55645751953125,617.1690673828125,575.2432250976562,774.8458251953125 , 0.4245764911174774)"
020496.jpg,"(485.8357849121094,365.35882568359375,604.8287353515625,561.9613647460938 , 0.4464772939682007)"
030013.jpg,"(198.66741943359375,844.9002685546875,337.8560791015625,1021.3538818359375 , 0.39965441823005676) | (173.06295776367188,753.96826171875,242.46707153320312,926.561767578125 , 0.27564945816993713)"
030034.jpg,"(299.11822509765625,23.3199462890625,389.935302734375,218.0000762939453 , 0.5363774299621582)"
030035.jpg,
030039.jpg,"(33.27570343017578,15.659881591796875,127.12015533447266,256.029296875 , 0.7970093488693237) | (149.39105224609375,165.4029541015625,261.0340576171875,358.7869873046875 , 0.6276652216911316)"
030043.jpg,"(622.65185546875,344.7884521484375,759.3895263671875,679.71630859375 , 0.6582958102226257) | (0.0,129.76815795898438,125.98636627197266,334.9896545410156 , 0.6230406165122986) | (662.7481689453125,343.11572265625,759.368896484375,664.460205078125 , 0.48832154273986816)"
030089.jpg,"(880.3348388671875,449.51702880859375,972.6165771484375,718.3801879882812 , 0.6267755031585693)"
030120.jpg,"(66.22891235351562,755.4156494140625,207.355224609375,1023.1458740234375 , 0.353668212890625)"
030125.jpg,"(301.5018310546875,193.191650390625,416.6444091796875,437.3470458984375 , 0.7415823936462402)"
030151.jpg,"(148.70361328125,422.275390625,262.65972900390625,734.479248046875 , 0.7700983285903931) | (513.9288330078125,851.9150390625,668.6610107421875,1022.6484375 , 0.6477767825126648) | (144.22866821289062,0.0,220.87582397460938,127.36676788330078 , 0.29067283868789673)"
030220.jpg,"(158.30532836914062,56.43592834472656,270.02734375,239.8202362060547 , 0.330962598323822)"
030235.jpg,"(486.2034912109375,236.48895263671875,593.0567626953125,482.71319580078125 , 0.7574787139892578)"
030239.jpg,"(1007.6082763671875,231.6456298828125,1103.4434814453125,436.07818603515625 , 0.49108973145484924)"
030240.jpg,"(366.7532958984375,18.98822021484375,541.0511474609375,289.8304748535156 , 0.376259446144104)"
030241.jpg,"(0.2179107666015625,307.8009033203125,187.05909729003906,719.50048828125 , 0.28720617294311523)"
030245.jpg,"(258.13427734375,355.24853515625,334.2044677734375,536.7117919921875 , 0.6271027326583862) | (349.53106689453125,337.1563720703125,434.42291259765625,512.6129150390625 , 0.3856823444366455)"
030278.jpg,"(854.1995849609375,812.1890869140625,1030.8922119140625,1023.4215087890625 , 0.6798648834228516)"
030339.jpg,"(210.15261840820312,80.56647491455078,330.2503967285156,304.054443359375 , 0.7630693316459656)"
030342.jpg,"(626.8831176757812,6.7568817138671875,762.0661010742188,166.42271423339844 , 0.3280334174633026)"
030364.jpg,"(268.35736083984375,25.90570068359375,379.52850341796875,213.07403564453125 , 0.8188750147819519) | (172.12255859375,308.0208740234375,271.5767822265625,508.688232421875 , 0.7683396935462952)"
030366.jpg,
030368.jpg,"(32.985595703125,63.22003173828125,116.06887817382812,265.54620361328125 , 0.6889411211013794) | (495.762451171875,2.12408447265625,584.53271484375,183.58164978027344 , 0.28172874450683594)"
030369.jpg,
030372.jpg,"(148.56100463867188,279.35736083984375,264.78765869140625,521.298095703125 , 0.525471568107605)"
030391.jpg,"(127.39331817626953,582.0421142578125,246.1644287109375,798.5333251953125 , 0.6125301718711853)"
030394.jpg,"(93.064208984375,404.62841796875,183.80667114257812,644.5625 , 0.7083364725112915) | (7.2881011962890625,308.53533935546875,97.74812316894531,551.6028442382812 , 0.693913996219635) | (133.0679931640625,589.2889404296875,321.15728759765625,839.3380126953125 , 0.2775697410106659)"
030398.jpg,"(206.05935668945312,820.5067138671875,399.0999450683594,1023.4781494140625 , 0.838022768497467)"
030442.jpg,"(279.4046630859375,704.485595703125,414.4691162109375,958.76513671875 , 0.833655059337616) | (182.83084106445312,92.80032348632812,275.7504577636719,275.07586669921875 , 0.7988157868385315)"
030444.jpg,"(799.6856689453125,743.1661376953125,929.7747802734375,898.2110595703125 , 0.2671324908733368)"
030453.jpg,"(618.1326904296875,558.440185546875,734.7916259765625,758.604736328125 , 0.5550090670585632) | (693.0167236328125,554.2288818359375,825.1431884765625,779.1812744140625 , 0.3382070064544678)"
030456.jpg,"(891.9586791992188,219.1188201904297,1012.8954467773438,429.60455322265625 , 0.7922811508178711) | (284.62579345703125,33.878875732421875,397.74212646484375,268.9825439453125 , 0.6380015015602112) | (1006.8956298828125,377.00311279296875,1119.2918701171875,573.1976318359375 , 0.6000521779060364) | (283.978759765625,32.08643341064453,363.3114013671875,265.78546142578125 , 0.26461735367774963)"
040028.jpg,"(202.3018798828125,675.28466796875,312.6246337890625,874.748046875 , 0.49285662174224854)"
040042.jpg,"(783.0231323242188,338.02154541015625,853.6766967773438,566.1270141601562 , 0.8658773899078369) | (456.52191162109375,894.9906005859375,563.3478393554688,1023.4403076171875 , 0.7829891443252563) | (630.835205078125,92.47482299804688,708.20166015625,280.4136657714844 , 0.5666512250900269)"
040083.jpg,"(594.1756591796875,532.126220703125,690.7281494140625,729.091064453125 , 0.7885630130767822) | (264.37335205078125,511.1092529296875,346.21173095703125,754.9901123046875 , 0.7619642615318298) | (91.85871124267578,517.4668579101562,187.94036865234375,742.1061401367188 , 0.46779581904411316) | (195.8963623046875,506.1129455566406,262.20196533203125,744.2423095703125 , 0.38278159499168396) | (727.9327392578125,46.76377868652344,798.6019287109375,234.9031219482422 , 0.36871829628944397)"
040084.jpg,
040096.jpg,"(0.094573974609375,795.9503173828125,141.963134765625,1023.4888916015625 , 0.6625519394874573)"
040097.jpg,"(138.33956909179688,834.6304931640625,276.99359130859375,1014.1746826171875 , 0.35588058829307556)"
040108.jpg,"(264.79888916015625,686.55712890625,351.32318115234375,921.29833984375 , 0.7617589831352234) | (174.6961669921875,774.4341430664062,290.41143798828125,969.7219848632812 , 0.7092446684837341)"
040142.jpg,"(7.2567596435546875,502.3041076660156,82.67828369140625,716.7481689453125 , 0.2747715413570404)"
040156.jpg,"(82.10810852050781,932.1072998046875,150.99282836914062,1023.7176513671875 , 0.6981887221336365) | (976.974853515625,621.5797729492188,1115.418701171875,873.1475219726562 , 0.3393409252166748) | (1079.181884765625,65.22418212890625,1188.406005859375,218.1103515625 , 0.2946315109729767) | (1003.5244140625,622.1868896484375,1116.544677734375,766.7269287109375 , 0.2614995837211609)"
040162.jpg,"(605.6124267578125,583.1383056640625,728.4390869140625,780.8238525390625 , 0.590074896812439) | (347.36273193359375,699.25732421875,439.5828857421875,892.0364990234375 , 0.28870996832847595) | (298.64093017578125,799.3197021484375,362.353759765625,952.675537109375 , 0.26501449942588806)"
040173.jpg,"(332.042236328125,635.7222900390625,436.92010498046875,870.3250732421875 , 0.8551461100578308)"
040178.jpg,"(686.183837890625,939.521484375,747.164306640625,1023.3795166015625 , 0.7797704935073853) | (774.915283203125,935.955078125,843.12353515625,1023.8712158203125 , 0.6842539310455322) | (893.7335205078125,279.8591613769531,985.5706787109375,474.6829528808594 , 0.6471185088157654) | (605.2265625,583.6893310546875,731.5888671875,792.0074462890625 , 0.539350152015686)"
040219.jpg,
040227.jpg,"(1126.960693359375,126.2939224243164,1205.891357421875,279.3346252441406 , 0.5252400040626526)"
040288.jpg,"(722.1568603515625,776.678955078125,946.1053466796875,966.843017578125 , 0.3609822392463684)"
040308.jpg,"(753.5767822265625,57.14997863769531,804.27294921875,234.2461700439453 , 0.6631656885147095) | (628.4942016601562,106.7022476196289,684.4837036132812,286.4507751464844 , 0.4963107109069824) | (717.5963134765625,47.48114013671875,766.94384765625,232.88916015625 , 0.3969936668872833) | (947.0639038085938,0.0,1022.4928588867188,104.57365417480469 , 0.3175847828388214) | (36.06224822998047,626.1575927734375,119.41168975830078,854.2596435546875 , 0.29428812861442566) | (685.100341796875,45.700592041015625,758.4776611328125,288.96600341796875 , 0.2921617925167084)"
040320.jpg,"(1123.01513671875,917.7874755859375,1197.71533203125,1023.3077392578125 , 0.8231850266456604) | (277.2374267578125,461.102294921875,352.6209716796875,675.1456298828125 , 0.7712450623512268) | (186.185546875,464.46337890625,268.34393310546875,681.48974609375 , 0.7712066769599915) | (12.739799499511719,425.9086608886719,105.4990234375,655.441162109375 , 0.6536824107170105)"
040328.jpg,
040332.jpg,"(843.367431640625,756.7779541015625,967.189697265625,1019.3900146484375 , 0.36895784735679626)"
040351.jpg,"(1017.242919921875,275.73297119140625,1120.35888671875,448.5069580078125 , 0.4916031062602997) | (535.882568359375,577.0435791015625,636.4697265625,737.5655517578125 , 0.41757774353027344)"
040359.jpg,"(0.3829193115234375,842.8677368164062,131.5887908935547,1015.7832641601562 , 0.3581905663013458)"
040361.jpg,"(343.7091064453125,561.7803955078125,416.7547607421875,799.2972412109375 , 0.6638216376304626) | (610.9562377929688,583.4257202148438,728.2101440429688,775.7260131835938 , 0.6136161684989929) | (206.21652221679688,538.34033203125,277.386962890625,761.894775390625 , 0.5577288866043091) | (271.016845703125,545.285888671875,344.2261962890625,794.5809326171875 , 0.4840185046195984) | (138.28350830078125,548.803955078125,210.51678466796875,731.9580078125 , 0.4158303141593933) | (142.10275268554688,549.9322509765625,193.53915405273438,737.3497314453125 , 0.34843161702156067) | (167.05426025390625,560.7926025390625,213.03485107421875,736.40771484375 , 0.27324339747428894)"
040367.jpg,"(20.360748291015625,793.8604736328125,143.8667755126953,994.7454833984375 , 0.6479859948158264) | (719.8826904296875,73.72451782226562,782.3375244140625,246.03994750976562 , 0.6085034012794495) | (656.5562744140625,63.19256591796875,709.12548828125,212.45999145507812 , 0.5676828026771545)"
040395.jpg,"(171.50039672851562,352.08953857421875,249.37564086914062,568.1011352539062 , 0.7119774222373962)"
040399.jpg,"(206.60916137695312,677.6842041015625,304.1723327636719,924.376953125 , 0.80980384349823) | (649.511474609375,497.30010986328125,748.59521484375,670.2166137695312 , 0.7670089602470398)"
040410.jpg,"(266.805908203125,471.9837646484375,333.6748046875,723.6556396484375 , 0.6738188862800598) | (199.48989868164062,467.2593994140625,268.82208251953125,735.487548828125 , 0.6194891333580017) | (133.2671661376953,528.635009765625,203.6686553955078,745.011962890625 , 0.5580203533172607) | (259.27227783203125,890.9491577148438,402.69696044921875,1023.3869018554688 , 0.5250493288040161) | (428.88836669921875,201.13319396972656,474.38287353515625,428.8712158203125 , 0.37212690711021423)"
040418.jpg,"(286.677001953125,335.1043701171875,389.6422119140625,581.150634765625 , 0.7730793952941895) | (761.2740478515625,22.0501708984375,830.7801513671875,207.46778869628906 , 0.3091616928577423)"
040444.jpg,"(866.766845703125,300.0534362792969,962.39453125,507.6336975097656 , 0.7500019669532776) | (527.5372314453125,405.00018310546875,613.643798828125,616.8451538085938 , 0.6862791180610657)"
040448.jpg,"(1003.9382934570312,166.38449096679688,1080.378662109375,377.4975280761719 , 0.8239442706108093) | (397.16607666015625,707.5430908203125,487.93719482421875,899.74951171875 , 0.7338133454322815) | (428.5888977050781,295.5743408203125,479.5677795410156,471.34112548828125 , 0.4523293077945709)"
040451.jpg,"(1102.45849609375,70.91830444335938,1175.98046875,263.7525939941406 , 0.6593155860900879) | (726.0341186523438,138.44277954101562,791.1398315429688,331.5802917480469 , 0.649154543876648) | (1056.64697265625,166.50210571289062,1122.23095703125,330.591064453125 , 0.585156261920929) | (161.39492797851562,814.846435546875,306.5581970214844,1023.902587890625 , 0.2663455307483673)"
050012.jpg,"(546.956787109375,314.84527587890625,611.54931640625,502.97979736328125 , 0.5626265406608582) | (436.1580810546875,310.62689208984375,566.5989990234375,555.1337280273438 , 0.4581456780433655) | (493.6726379394531,304.61083984375,571.93701171875,505.0880126953125 , 0.424704372882843)"
050038.jpg,"(588.142578125,234.69554138183594,732.7275390625,488.030517578125 , 0.475615531206131) | (44.572914123535156,348.9989013671875,232.75387573242188,596.336181640625 , 0.3401351273059845) | (630.094482421875,235.5859375,732.030029296875,491.2481689453125 , 0.3242873251438141) | (249.84652709960938,516.955810546875,338.8280334472656,771.8905029296875 , 0.2531915009021759)"
050042.jpg,"(234.08786010742188,481.78118896484375,345.9936828613281,779.6140747070312 , 0.7571554183959961) | (743.8226318359375,78.8453369140625,875.6387939453125,371.67645263671875 , 0.6965948343276978) | (644.9376220703125,242.53265380859375,731.5084228515625,481.99591064453125 , 0.4396143853664398) | (601.4944458007812,240.95872497558594,731.8428344726562,490.3094482421875 , 0.40990111231803894)"
050060.jpg,"(1039.2318115234375,134.47772216796875,1116.0601806640625,370.8343505859375 , 0.8646706342697144) | (284.02789306640625,326.2431640625,361.6236572265625,569.26513671875 , 0.63436359167099) | (1229.052978515625,80.86724853515625,1279.717041015625,312.7307434082031 , 0.5252780914306641) | (1199.4482421875,79.44379425048828,1278.765380859375,313.2581787109375 , 0.51483553647995) | (282.51031494140625,326.1165771484375,398.52191162109375,571.6790771484375 , 0.43329766392707825) | (396.03411865234375,24.85919189453125,476.51202392578125,284.3829650878906 , 0.35384202003479004)"
050061.jpg,"(897.2772216796875,110.481689453125,995.0426025390625,368.1895751953125 , 0.8547453880310059) | (428.19061279296875,98.1583023071289,519.1477661132812,347.8574523925781 , 0.5100799202919006)"
050092.jpg,"(84.10442352294922,77.44757080078125,195.09307861328125,270.24176025390625 , 0.7524293065071106) | (532.72021484375,412.150390625,706.3104248046875,656.2166748046875 , 0.7277994751930237) | (961.02490234375,212.6500701904297,1057.300537109375,460.64068603515625 , 0.6547369360923767) | (796.8079833984375,505.8003845214844,945.50146484375,800.1453857421875 , 0.601595938205719) | (1256.041015625,0.0,1279.67919921875,228.84400939941406 , 0.5829155445098877)"
050095.jpg,"(594.1202392578125,196.64404296875,709.7760009765625,441.89447021484375 , 0.8449094295501709) | (1072.54541015625,198.833740234375,1133.3642578125,379.357421875 , 0.7150659561157227) | (0.0,295.57989501953125,190.24417114257812,532.6829833984375 , 0.6131872534751892) | (1015.03515625,177.27032470703125,1081.152099609375,377.64898681640625 , 0.5396812558174133) | (724.3113403320312,453.69171142578125,873.4237670898438,627.5048217773438 , 0.539042592048645) | (966.1427001953125,212.2252655029297,1059.032958984375,398.07696533203125 , 0.3222854435443878)"
050096.jpg,"(291.77020263671875,122.03036499023438,388.25958251953125,382.7428283691406 , 0.8317807912826538) | (622.1832885742188,199.525390625,746.9186401367188,431.11102294921875 , 0.8123371005058289) | (1097.40185546875,163.45077514648438,1163.45751953125,362.0783996582031 , 0.5296592116355896) | (936.29150390625,484.5592041015625,1113.9296875,699.30126953125 , 0.5095061659812927) | (1154.453369140625,180.79232788085938,1215.861572265625,374.3548889160156 , 0.37429866194725037) | (934.4833984375,482.8838806152344,1161.506103515625,726.7020263671875 , 0.32355573773384094)"
050115.jpg,"(545.95849609375,0.0982666015625,674.4639892578125,190.1617889404297 , 0.833388090133667) | (499.4337463378906,525.0294189453125,624.3555908203125,761.8782958984375 , 0.749701201915741) | (1164.2830810546875,191.40267944335938,1279.4698486328125,401.7344665527344 , 0.6999737024307251) | (1013.421142578125,0.0,1105.43798828125,226.78016662597656 , 0.6715944409370422) | (663.3358154296875,670.615966796875,869.279541015625,900.2353515625 , 0.6243475675582886) | (1018.5760498046875,544.84423828125,1171.9747314453125,742.809814453125 , 0.4584824740886688)"
050120.jpg,"(603.98388671875,31.79106903076172,686.4208984375,239.90011596679688 , 0.871745765209198) | (772.3087768554688,139.68133544921875,888.1336059570312,391.69024658203125 , 0.6941124796867371)"
050163.jpg,"(313.65533447265625,220.37405395507812,414.59368896484375,485.6502380371094 , 0.7768850922584534) | (395.1187438964844,142.05010986328125,501.1317443847656,370.042236328125 , 0.7328922152519226) | (792.62646484375,0.0,929.23681640625,76.07785034179688 , 0.44379013776779175)"
050178.jpg,"(38.7815055847168,400.20751953125,130.5156707763672,668.3572998046875 , 0.8575471639633179) | (613.0415649414062,0.7058868408203125,689.7400512695312,213.953125 , 0.7321723699569702) | (719.5062255859375,208.514404296875,890.2337646484375,394.601318359375 , 0.3622508645057678)"
050195.jpg,"(569.18994140625,15.293060302734375,646.522216796875,203.23239135742188 , 0.856456458568573) | (128.17160034179688,248.46144104003906,231.335693359375,471.1009521484375 , 0.3114895522594452)"
050220.jpg,"(224.5920867919922,120.14059448242188,360.54364013671875,361.0856018066406 , 0.7713403701782227)"
050222.jpg,"(557.903564453125,614.5074462890625,720.30859375,854.7498779296875 , 0.8369321823120117) | (230.44017028808594,575.2622680664062,365.455322265625,787.3685913085938 , 0.6976649165153503)"
050232.jpg,
050299.jpg,"(986.4508056640625,37.43402099609375,1076.3060302734375,279.88067626953125 , 0.7656083106994629) | (42.774417877197266,389.9514465332031,133.028564453125,669.929931640625 , 0.7062953114509583) | (0.0,333.8896484375,100.0736083984375,571.245361328125 , 0.4249417185783386)"
050312.jpg,"(342.45501708984375,252.4783935546875,442.03399658203125,511.080810546875 , 0.3314701318740845)"
050318.jpg,"(715.0059814453125,254.05276489257812,825.1318359375,463.4630432128906 , 0.6908283233642578)"
050332.jpg,"(473.4725036621094,17.673431396484375,564.3253173828125,273.06317138671875 , 0.8119047284126282) | (197.39215087890625,316.26104736328125,318.99298095703125,504.83697509765625 , 0.2972927987575531)"
050371.jpg,"(548.6181640625,482.1740417480469,638.36962890625,686.809326171875 , 0.40188905596733093) | (487.0987548828125,525.6112060546875,574.72119140625,663.8765869140625 , 0.35328981280326843)"
050390.jpg,"(209.68069458007812,8.9384765625,289.9219055175781,242.41064453125 , 0.8039000630378723) | (743.470703125,419.2435302734375,847.803955078125,660.09326171875 , 0.6842240691184998) | (387.1212158203125,497.83856201171875,553.5704956054688,724.5862426757812 , 0.2827649414539337)"
050395.jpg,"(489.8853759765625,0.54248046875,576.7039794921875,188.84803771972656 , 0.8093003630638123) | (1167.504150390625,116.51318359375,1275.830322265625,424.799072265625 , 0.7559940218925476) | (1044.013916015625,225.61636352539062,1127.099365234375,467.3987731933594 , 0.699954628944397) | (706.193115234375,197.45416259765625,821.121337890625,403.33001708984375 , 0.6885125041007996)"
050399.jpg,"(1195.156982421875,152.0485076904297,1279.414794921875,383.00506591796875 , 0.7662703990936279) | (601.7490234375,393.725341796875,694.402099609375,601.9044189453125 , 0.7232347726821899) | (215.47113037109375,24.442840576171875,309.5943603515625,238.80877685546875 , 0.6684820055961609)"
050406.jpg,"(137.46243286132812,29.649559020996094,218.66775512695312,270.7089538574219 , 0.8629483580589294) | (936.3505859375,336.99127197265625,1037.314208984375,549.9082641601562 , 0.640311598777771) | (780.1141967773438,405.546630859375,903.7623901367188,591.269287109375 , 0.44216516613960266) | (833.3170166015625,326.92681884765625,956.9288330078125,550.8298950195312 , 0.4360564053058624) | (876.66796875,327.05926513671875,956.697021484375,549.3778686523438 , 0.2579460144042969)"
050411.jpg,"(179.8843994140625,28.419281005859375,272.38427734375,287.6041564941406 , 0.8481819033622742) | (72.15409851074219,283.52276611328125,198.5596160888672,465.91644287109375 , 0.6588104963302612)"
050412.jpg,"(825.2049560546875,9.554718017578125,916.1563720703125,229.3023223876953 , 0.5889689922332764)"
050415.jpg,"(796.6271362304688,251.28631591796875,942.3646850585938,469.57586669921875 , 0.5508237481117249)"
050422.jpg,"(7.486572265625,398.2894592285156,160.05517578125,653.9896240234375 , 0.83498615026474) | (584.2132568359375,14.61572265625,653.7552490234375,204.62368774414062 , 0.7814549803733826) | (662.82861328125,465.9427795410156,798.466064453125,659.1612548828125 , 0.5170357823371887) | (189.6458740234375,36.489501953125,270.13568115234375,260.5950927734375 , 0.5048564672470093) | (241.656005859375,14.408721923828125,323.83392333984375,254.52413940429688 , 0.3124912977218628)"
050427.jpg,"(247.83047485351562,161.2978057861328,413.7485656738281,388.82452392578125 , 0.6508142948150635) | (903.5391845703125,575.735595703125,1068.1900634765625,774.3311767578125 , 0.37702757120132446)"
060006.jpg,"(568.6079711914062,665.1271362304688,646.7527465820312,900.6008911132812 , 0.7446242570877075) | (815.7188720703125,798.7697143554688,914.6988525390625,1006.9474487304688 , 0.46965640783309937) | (407.85003662109375,482.34967041015625,473.25213623046875,694.8516235351562 , 0.3408902585506439) | (660.0916137695312,790.016845703125,785.5576782226562,1015.891845703125 , 0.2821512818336487)"
060026.jpg,"(833.0884399414062,648.6981201171875,939.1707153320312,912.3304443359375 , 0.7307780385017395) | (905.5118408203125,512.20458984375,972.1529541015625,700.569091796875 , 0.42183613777160645) | (807.3604736328125,544.55224609375,900.2149658203125,819.298095703125 , 0.36121290922164917)"
060048.jpg,"(1166.306884765625,536.756591796875,1230.182373046875,768.447509765625 , 0.7751522064208984)"
060062.jpg,"(994.6353149414062,582.6539306640625,1124.69677734375,749.0609130859375 , 0.7137105464935303) | (712.6648559570312,588.0721435546875,772.9743041992188,809.0694580078125 , 0.5960043668746948) | (641.2570190429688,591.3096923828125,743.4037475585938,820.1978759765625 , 0.5681474208831787) | (370.557861328125,479.46807861328125,440.48974609375,690.5735473632812 , 0.5620822906494141) | (372.79315185546875,479.158447265625,439.89227294921875,591.8375244140625 , 0.25581106543540955)"
060064.jpg,"(1095.3399658203125,477.8949890136719,1183.7803955078125,707.618896484375 , 0.6717013120651245) | (342.3158874511719,904.6656494140625,480.9923400878906,1023.1549072265625 , 0.6696949005126953) | (477.29327392578125,541.8056640625,554.6859741210938,767.50048828125 , 0.6024404764175415) | (617.375244140625,487.08489990234375,712.46630859375,691.4479370117188 , 0.4652487337589264) | (486.9137878417969,899.8057861328125,564.700927734375,1023.7523193359375 , 0.4183005392551422)"
060071.jpg,"(959.2119140625,766.0889892578125,1036.732421875,1019.4847412109375 , 0.765140175819397) | (638.3084106445312,791.533203125,765.9470825195312,1020.862548828125 , 0.7069476246833801) | (523.638916015625,849.173095703125,644.720947265625,1023.687255859375 , 0.5526410937309265) | (565.6489868164062,850.1527709960938,643.0878295898438,1023.1350708007812 , 0.39388662576675415) | (1176.832275390625,421.945556640625,1261.066650390625,634.576416015625 , 0.35104042291641235)"
060091.jpg,"(259.28704833984375,438.5045471191406,329.88232421875,638.2371826171875 , 0.6335957646369934)"
060122.jpg,"(957.450927734375,767.5863037109375,1031.50439453125,1019.119384765625 , 0.7444261908531189) | (1167.2939453125,422.0353698730469,1256.81591796875,635.517333984375 , 0.6901652812957764)"
060179.jpg,"(511.489013671875,776.4180908203125,628.505859375,1003.9967041015625 , 0.7812047600746155) | (1153.2142333984375,446.79132080078125,1227.6490478515625,632.4812622070312 , 0.7488574385643005) | (451.04315185546875,514.49169921875,541.921142578125,749.9224853515625 , 0.740185558795929) | (1189.9486083984375,882.7072143554688,1260.2293701171875,1023.6310424804688 , 0.6179462671279907) | (1066.1903076171875,882.3197021484375,1193.1370849609375,1022.1221923828125 , 0.5671248435974121)"
060182.jpg,"(826.8041381835938,840.4013671875,895.2774047851562,1023.685302734375 , 0.6290768980979919) | (18.638755798339844,377.739501953125,112.55010223388672,597.4017333984375 , 0.5709121823310852)"
060193.jpg,"(395.51324462890625,480.2919616699219,490.66400146484375,707.353271484375 , 0.717153787612915) | (125.31626892089844,402.95233154296875,201.7637481689453,621.8189086914062 , 0.5442304611206055) | (450.56298828125,460.4160461425781,511.55670166015625,670.06884765625 , 0.4516944885253906) | (261.46044921875,485.72332763671875,330.568359375,673.9425659179688 , 0.36957332491874695)"
060219.jpg,"(1030.8133544921875,725.5646362304688,1101.9603271484375,968.1049194335938 , 0.7998744249343872) | (1071.4185791015625,455.687255859375,1157.4669189453125,648.9349365234375 , 0.6850937604904175) | (1174.90771484375,560.0191650390625,1267.15673828125,786.8392333984375 , 0.6446598768234253)"
060230.jpg,"(419.3526306152344,492.2182312011719,504.9789733886719,736.174560546875 , 0.6722166538238525) | (704.6698608398438,568.176513671875,788.2876586914062,792.919677734375 , 0.6408754587173462) | (761.2073974609375,618.6058349609375,837.521240234375,862.1859130859375 , 0.5563234090805054) | (641.1663818359375,496.31903076171875,728.4761962890625,760.9597778320312 , 0.3206036388874054)"
060247.jpg,"(323.78057861328125,842.1787109375,457.4742431640625,1024.0 , 0.7704697251319885) | (1042.881103515625,496.6854553222656,1158.247314453125,665.9049072265625 , 0.5669387578964233) | (206.8150634765625,444.71807861328125,291.6629638671875,612.9475708007812 , 0.36647024750709534)"
060283.jpg,"(938.5841064453125,602.7515869140625,1020.5196533203125,825.4578857421875 , 0.5263426303863525)"
060284.jpg,"(489.2055969238281,844.540283203125,581.810546875,1023.527587890625 , 0.7746309041976929) | (821.6146850585938,797.30029296875,916.5040893554688,1023.99072265625 , 0.7429520487785339)"
060286.jpg,"(1198.620361328125,822.212646484375,1276.717529296875,1023.29296875 , 0.689257025718689) | (1167.49267578125,843.4157104492188,1210.014404296875,992.1328735351562 , 0.25560370087623596)"
060306.jpg,"(781.9115600585938,564.9588623046875,908.1467895507812,801.6912841796875 , 0.6306235194206238)"
060328.jpg,"(913.0742797851562,774.1739501953125,986.3141479492188,1021.6876220703125 , 0.6275048851966858) | (979.9366455078125,827.5274658203125,1088.7906494140625,1022.7208251953125 , 0.5894848108291626)"
060331.jpg,"(1047.1741943359375,581.906982421875,1161.0540771484375,820.31640625 , 0.6115760207176208) | (963.951904296875,605.7005615234375,1045.467041015625,825.6378173828125 , 0.6087930202484131) | (649.622802734375,578.3096923828125,757.472900390625,794.7421875 , 0.2831411063671112) | (678.0538330078125,967.0563354492188,722.2867431640625,1023.1705932617188 , 0.26420390605926514)"
060382.jpg,"(1083.9249267578125,843.93798828125,1229.0133056640625,1023.6884765625 , 0.5528755784034729)"
060413.jpg,"(571.9390869140625,661.7499389648438,648.7540283203125,899.4175415039062 , 0.8108873963356018) | (820.4957275390625,534.8167724609375,921.7373046875,735.133056640625 , 0.7648172378540039) | (940.05322265625,576.453857421875,1075.009033203125,776.539306640625 , 0.742683470249176) | (662.6268310546875,788.9161376953125,758.2506103515625,985.0487060546875 , 0.5799001455307007) | (831.621337890625,799.350830078125,947.623046875,1004.413330078125 , 0.5620688796043396)"
060426.jpg,"(612.28955078125,512.4375,712.8717041015625,712.052978515625 , 0.504486083984375)"
060428.jpg,"(1205.771484375,370.6251220703125,1279.31103515625,591.9939575195312 , 0.7228842377662659)"
060430.jpg,"(876.7535400390625,758.0205688476562,970.798583984375,1002.1852416992188 , 0.8515299558639526) | (983.86474609375,534.3525390625,1112.156494140625,781.078857421875 , 0.8441483974456787) | (784.0162963867188,689.0588989257812,855.4620971679688,949.4255981445312 , 0.6438255906105042)"
060436.jpg,"(998.4112548828125,545.6453857421875,1099.8846435546875,773.6461181640625 , 0.6411346197128296) | (1179.5753173828125,527.9324951171875,1279.3939208984375,802.6151123046875 , 0.5758271217346191) | (1121.5452880859375,548.891357421875,1190.5738525390625,747.0963134765625 , 0.488820880651474) | (1089.28125,511.7330322265625,1146.63037109375,743.9542236328125 , 0.3481278419494629)"
060475.jpg,"(475.0919189453125,431.3345642089844,581.12548828125,657.5784912109375 , 0.8100595474243164)"
060487.jpg,
060489.jpg,"(1208.2099609375,376.154296875,1279.4443359375,600.19580078125 , 0.4454798400402069) | (1026.16943359375,857.1875,1112.56591796875,982.3946533203125 , 0.29190126061439514)"
060515.jpg,"(1178.036865234375,836.35205078125,1265.853515625,1023.712890625 , 0.8343496918678284)"
070014.jpg,"(612.1953125,786.9991455078125,721.529296875,1000.0635986328125 , 0.7329467535018921)"
070019.jpg,
070034.jpg,"(717.8330688476562,739.784423828125,801.3468627929688,915.8612060546875 , 0.3206709921360016) | (774.893310546875,772.2662353515625,829.919677734375,894.13232421875 , 0.2710147798061371)"
070058.jpg,"(179.708251953125,612.5260009765625,278.0252685546875,834.7327880859375 , 0.8284454345703125) | (344.5985107421875,910.0374755859375,424.299072265625,1023.5775146484375 , 0.2819947302341461)"
070062.jpg,"(192.15341186523438,623.39453125,268.6648864746094,840.674072265625 , 0.7779724597930908)"
070065.jpg,
070089.jpg,
070108.jpg,
070114.jpg,"(587.733154296875,801.3865966796875,703.4222412109375,1024.0 , 0.7275932431221008) | (908.9051513671875,919.5950927734375,960.5877685546875,1005.4700927734375 , 0.29601672291755676)"
070116.jpg,"(2.9111328125,761.2816772460938,95.24901580810547,1022.4358520507812 , 0.8219647407531738)"
070124.jpg,"(205.93960571289062,584.6868896484375,281.9485778808594,800.4180908203125 , 0.6708452105522156)"
070126.jpg,
070156.jpg,
070165.jpg,"(621.3364868164062,782.886962890625,724.0255737304688,1021.756591796875 , 0.6315252780914307) | (328.41217041015625,504.69696044921875,379.81396484375,709.3108520507812 , 0.33322611451148987)"
070184.jpg,"(29.185420989990234,651.80029296875,101.48098754882812,870.44580078125 , 0.6292310953140259) | (106.09356689453125,680.52294921875,197.07000732421875,899.040283203125 , 0.6226702928543091) | (135.36477661132812,617.605712890625,221.37643432617188,856.8564453125 , 0.5556820034980774) | (0.0,648.918701171875,82.64366149902344,1021.813720703125 , 0.3928679823875427)"
070211.jpg,"(262.07440185546875,528.995361328125,360.66754150390625,768.225341796875 , 0.6431523561477661)"
070236.jpg,"(931.2713623046875,546.1434936523438,1042.689208984375,747.8181762695312 , 0.7187068462371826) | (270.0113525390625,565.1790161132812,358.42047119140625,781.4658813476562 , 0.5761955380439758) | (339.480712890625,929.9766845703125,436.7266845703125,1023.5814208984375 , 0.32638728618621826)"
070277.jpg,"(674.620849609375,606.9417114257812,780.83935546875,743.2059936523438 , 0.3618810474872589) | (891.8145751953125,620.701416015625,1008.1429443359375,815.4654541015625 , 0.308443546295166) | (892.0264892578125,620.3466186523438,1006.5115966796875,731.6166381835938 , 0.25324055552482605)"
070278.jpg,"(823.3297119140625,388.47991943359375,914.0460205078125,619.7142944335938 , 0.812427818775177) | (747.0616455078125,378.94305419921875,812.4776611328125,573.6705322265625 , 0.32941457629203796)"
070317.jpg,
070320.jpg,
070329.jpg,"(287.18133544921875,501.3567810058594,390.02716064453125,726.4552001953125 , 0.7782636880874634)"
070356.jpg,"(463.73046875,802.65380859375,516.9650268554688,925.1292724609375 , 0.27476221323013306)"
070367.jpg,"(919.41455078125,652.10302734375,991.995849609375,731.805908203125 , 0.2843838930130005)"
070376.jpg,"(276.93231201171875,640.7127685546875,374.12774658203125,881.096923828125 , 0.813120424747467) | (61.454498291015625,703.5885009765625,169.6617889404297,976.2730712890625 , 0.8027948141098022) | (0.0,680.5648803710938,65.32505798339844,1021.8550415039062 , 0.42398861050605774)"
070389.jpg,"(281.0902404785156,509.67864990234375,371.3633117675781,728.9646606445312 , 0.43505799770355225)"
070401.jpg,"(477.73529052734375,572.4697265625,549.4226684570312,785.06396484375 , 0.5922281742095947)"
070404.jpg,"(215.33328247070312,538.5177001953125,306.2391052246094,746.18603515625 , 0.8782599568367004)"
070436.jpg,"(38.9674072265625,745.699951171875,113.23643493652344,1006.0496826171875 , 0.4942713975906372) | (38.9401741027832,745.7944946289062,152.1033172607422,1003.6593627929688 , 0.3352079391479492)"
070441.jpg,
080003.jpg,"(1040.989013671875,896.5645141601562,1131.469482421875,1023.3693237304688 , 0.8505690693855286)"
080200.jpg,"(856.5123291015625,765.64111328125,953.0157470703125,1023.90185546875 , 0.8619205355644226) | (713.3848266601562,677.98974609375,821.9672241210938,959.576904296875 , 0.8442666530609131)"
080313.jpg,"(920.8587646484375,761.4071655273438,1064.5010986328125,974.6666870117188 , 0.8887609243392944) | (750.3566284179688,692.1261596679688,852.9209594726562,957.1259155273438 , 0.8075505495071411)"
080476.jpg,"(721.377685546875,669.6920166015625,807.381103515625,943.022705078125 , 0.7644858360290527) | (1002.2891845703125,792.6878662109375,1113.4329833984375,1004.0328369140625 , 0.6445581912994385) | (1036.8834228515625,791.0882568359375,1114.6737060546875,1009.8714599609375 , 0.2751666307449341)"
080546.jpg,"(307.40655517578125,780.6990966796875,454.78399658203125,1014.930419921875 , 0.7741518616676331) | (683.0313110351562,804.0025634765625,855.1381225585938,972.7962646484375 , 0.737342119216919) | (1018.7158203125,696.19677734375,1107.890380859375,930.26025390625 , 0.7289695143699646) | (538.0673217773438,782.8684692382812,660.1254272460938,1022.0034790039062 , 0.4522503912448883)"
080600.jpg,"(836.33056640625,571.00439453125,941.4976806640625,834.5970458984375 , 0.8920164108276367)"
080612.jpg,"(1029.46142578125,768.8345947265625,1152.6923828125,1013.8685302734375 , 0.511934757232666) | (710.7261962890625,641.96826171875,842.8001708984375,906.68408203125 , 0.4636484682559967)"
080675.jpg,"(969.662109375,772.436279296875,1090.889892578125,964.525390625 , 0.8351877927780151) | (1213.36962890625,659.8443603515625,1279.740234375,919.8345947265625 , 0.7485537528991699) | (1233.0914306640625,659.24951171875,1279.7132568359375,921.852783203125 , 0.4005191922187805) | (1074.474609375,369.720458984375,1179.626953125,604.209716796875 , 0.3289792537689209)"
080688.jpg,"(1077.222900390625,896.812255859375,1166.994873046875,1023.39453125 , 0.8619166612625122)"
080767.jpg,"(711.3079833984375,634.9749755859375,839.1968994140625,905.1790771484375 , 0.504601001739502)"
080795.jpg,
080801.jpg,"(269.72454833984375,659.3629150390625,380.58819580078125,892.5338134765625 , 0.794314444065094) | (1142.2427978515625,652.539306640625,1278.0267333984375,923.9627685546875 , 0.6410795450210571) | (997.099853515625,128.57489013671875,1079.5859375,358.0959777832031 , 0.6318389773368835) | (141.88540649414062,417.06561279296875,173.06539916992188,514.9290161132812 , 0.38270071148872375)"
080810.jpg,"(1017.6347045898438,767.774658203125,1134.1494140625,1024.0 , 0.8324963450431824) | (712.5794677734375,638.09521484375,840.3572998046875,890.689208984375 , 0.6214022636413574) | (1209.0150146484375,894.1015625,1279.6390380859375,1023.97802734375 , 0.3289644122123718) | (1230.2822265625,895.7789306640625,1279.6181640625,1020.408935546875 , 0.2879340946674347) | (892.3878173828125,757.9393310546875,1029.8206787109375,994.1480712890625 , 0.2801724374294281)"
080839.jpg,"(469.3020324707031,607.0255126953125,571.414306640625,875.46337890625 , 0.8847090601921082) | (609.1883544921875,601.1199340820312,688.0633544921875,863.5593872070312 , 0.7174001932144165)"
080869.jpg,"(385.68035888671875,857.8626708984375,504.6051025390625,1023.6929931640625 , 0.8531671166419983) | (1002.146728515625,719.879638671875,1135.517578125,997.666015625 , 0.8462499380111694) | (861.5814208984375,604.0428466796875,946.4892578125,830.12548828125 , 0.8289250731468201)"
080876.jpg,"(702.2421264648438,741.4423828125,789.3236694335938,986.717041015625 , 0.6987388730049133)"
080911.jpg,"(471.55474853515625,607.5838623046875,570.2285766601562,876.8070068359375 , 0.8682388663291931) | (576.1099853515625,603.2525634765625,669.6024169921875,870.5611572265625 , 0.7865790128707886)"
081019.jpg,"(685.3584594726562,680.4912109375,787.3152465820312,954.8896484375 , 0.38554486632347107)"
081048.jpg,"(1076.99365234375,892.7155151367188,1169.232421875,1023.4005737304688 , 0.8766676187515259)"
081099.jpg,"(686.7899780273438,746.6087646484375,790.4317016601562,1007.2232666015625 , 0.4695480763912201)"
081188.jpg,"(683.6875,563.46875,790.3411865234375,718.093505859375 , 0.34607768058776855)"
081209.jpg,"(711.84814453125,629.2794189453125,841.43994140625,879.7764892578125 , 0.6188192367553711)"
081281.jpg,"(217.59031677246094,876.48046875,301.523193359375,1023.903564453125 , 0.8295745253562927) | (519.9146728515625,884.3533935546875,629.1949462890625,1023.3406982421875 , 0.5789521336555481) | (1090.896728515625,747.69970703125,1261.284912109375,1023.287353515625 , 0.4436674118041992) | (175.88006591796875,981.3861083984375,237.69122314453125,1023.6363525390625 , 0.3204939663410187)"
081284.jpg,"(1018.4373779296875,718.827880859375,1150.7015380859375,939.936279296875 , 0.6852279305458069)"
081297.jpg,
081315.jpg,
081320.jpg,"(1097.131103515625,686.462646484375,1232.3076171875,934.110595703125 , 0.8669374585151672)"
081335.jpg,
081338.jpg,"(454.30078125,614.7265625,555.3311767578125,876.60546875 , 0.828956127166748) | (557.9473876953125,608.7000732421875,656.3900146484375,873.6636962890625 , 0.8287980556488037)"
081443.jpg,"(884.973388671875,851.0413818359375,994.9178466796875,1023.5509033203125 , 0.7781944274902344)"
090010.jpg,"(203.03875732421875,683.750732421875,314.2996826171875,929.88134765625 , 0.8628982305526733) | (441.06292724609375,791.651611328125,544.9798583984375,1022.727783203125 , 0.5841907858848572) | (794.1547241210938,882.2259521484375,921.4888305664062,1022.8267822265625 , 0.5751405358314514) | (725.900634765625,457.3658752441406,803.6826171875,686.0780029296875 , 0.3643753230571747)"
090029.jpg,"(1060.34814453125,938.78466796875,1140.21826171875,1022.969970703125 , 0.2588180601596832)"
090045.jpg,
090063.jpg,
090136.jpg,"(1171.39453125,399.9290466308594,1253.18408203125,650.1348876953125 , 0.78095942735672)"
090195.jpg,"(657.994140625,736.2052001953125,737.80615234375,992.0648193359375 , 0.550891101360321) | (688.1292724609375,728.1639404296875,802.21435546875,1005.5208740234375 , 0.5232732892036438)"
090244.jpg,
090335.jpg,"(226.0519256591797,767.1566162109375,374.34613037109375,1020.1285400390625 , 0.6534483432769775) | (334.879150390625,726.559814453125,436.3897705078125,1009.224365234375 , 0.6035410165786743) | (599.6402587890625,736.7115478515625,705.2332763671875,1023.5361328125 , 0.41320276260375977) | (565.252685546875,825.004638671875,700.334716796875,1023.83837890625 , 0.2876041531562805) | (556.1292724609375,739.6160888671875,703.9876708984375,1023.7325439453125 , 0.28321707248687744)"
090346.jpg,"(230.9338836669922,777.300537109375,386.16851806640625,1023.284912109375 , 0.8467875719070435) | (595.6925048828125,748.7547607421875,713.2301025390625,1024.0 , 0.7062561511993408) | (120.23164367675781,701.884765625,223.81642150878906,968.21923828125 , 0.6660423874855042)"
090429.jpg,"(1174.891845703125,397.7926330566406,1255.631591796875,652.7071533203125 , 0.8004417419433594) | (774.427001953125,882.5040283203125,883.193115234375,1023.3409423828125 , 0.46194562315940857) | (867.735107421875,917.5252685546875,956.100830078125,1023.9508056640625 , 0.3406437933444977)"
090439.jpg,"(720.972412109375,826.7889404296875,841.194091796875,1022.8597412109375 , 0.6542333960533142) | (1066.5057373046875,972.81884765625,1158.0709228515625,1023.5706787109375 , 0.5139204263687134)"
090496.jpg,
090597.jpg,"(972.41455078125,848.93603515625,1052.437744140625,1023.5576171875 , 0.8127928376197815) | (912.4405517578125,840.90576171875,978.8404541015625,1023.96044921875 , 0.7889178991317749)"
090623.jpg,"(1145.569091796875,389.222412109375,1259.217041015625,617.1420288085938 , 0.5539773106575012)"
090653.jpg,"(363.53411865234375,691.054443359375,455.57122802734375,976.0684814453125 , 0.8414644002914429) | (213.31256103515625,704.1099853515625,302.944091796875,985.8079833984375 , 0.7807456254959106) | (1178.2021484375,372.46240234375,1259.728759765625,627.452880859375 , 0.4536575973033905) | (1117.696044921875,383.2962646484375,1193.072509765625,615.5916137695312 , 0.4325804114341736)"
090773.jpg,"(894.2916870117188,660.3843994140625,1012.9003295898438,904.0906982421875 , 0.8681023716926575) | (427.85565185546875,720.04833984375,518.9205932617188,971.1640625 , 0.7137249708175659) | (491.43182373046875,739.0218505859375,575.0790405273438,1006.2122802734375 , 0.44848912954330444) | (547.837890625,777.623291015625,630.830322265625,1023.833740234375 , 0.4156232178211212) | (497.12518310546875,766.9158935546875,629.7094116210938,1018.4676513671875 , 0.3536772131919861)"
090779.jpg,
090794.jpg,"(315.36663818359375,831.1138305664062,410.6197509765625,1023.3826293945312 , 0.8109012246131897) | (111.72847747802734,928.9273071289062,170.17593383789062,1023.4066772460938 , 0.6808696985244751) | (156.69515991210938,919.73779296875,236.78372192382812,1023.2325439453125 , 0.6670886874198914)"
090798.jpg,
090816.jpg,"(340.76641845703125,697.39013671875,478.2633056640625,930.438232421875 , 0.6297480463981628) | (153.7093505859375,656.3514404296875,265.7829284667969,885.0682373046875 , 0.576202929019928)"
090820.jpg,"(1140.453369140625,366.86456298828125,1220.95263671875,609.8414306640625 , 0.5924145579338074) | (1089.6571044921875,371.23236083984375,1159.2388916015625,605.7257690429688 , 0.5541779398918152)"
090842.jpg,"(440.406005859375,618.9138793945312,542.570068359375,878.9533081054688 , 0.8284136652946472)"
090911.jpg,"(409.19622802734375,872.7139282226562,542.8847045898438,1023.3593139648438 , 0.8013563752174377) | (316.91064453125,862.514404296875,422.24560546875,1023.43994140625 , 0.6811015605926514) | (124.70123291015625,843.3902587890625,283.801025390625,1023.7467041015625 , 0.3129190504550934)"
090921.jpg,"(931.1666259765625,460.57861328125,1018.7646484375,672.0010986328125 , 0.6984673142433167)"
090929.jpg,
090951.jpg,"(341.91375732421875,693.906982421875,475.84735107421875,932.69921875 , 0.8030310869216919) | (144.07150268554688,654.325439453125,264.2338562011719,886.1397705078125 , 0.6134180426597595)"
091047.jpg,"(947.9842529296875,676.507080078125,1124.2567138671875,876.266845703125 , 0.2502557933330536)"
091089.jpg,
091155.jpg,"(232.45123291015625,775.4672241210938,386.6419677734375,1019.9757690429688 , 0.7612602114677429) | (122.212158203125,696.5858764648438,259.44964599609375,967.5570678710938 , 0.7611976265907288) | (532.9007568359375,830.956787109375,676.455078125,1023.0494384765625 , 0.7060723900794983) | (550.242431640625,773.6165771484375,646.431396484375,902.76806640625 , 0.4897850751876831)"
091199.jpg,"(311.8970947265625,722.6021728515625,403.3995361328125,986.5411376953125 , 0.8815668225288391) | (0.0,607.0445556640625,89.10307312011719,887.7059326171875 , 0.8242486119270325) | (609.9232177734375,756.2630615234375,742.2794189453125,984.2652587890625 , 0.7951748371124268) | (403.99737548828125,758.7657470703125,473.68048095703125,1011.9127197265625 , 0.6960773468017578) | (70.07464599609375,585.1964111328125,157.89999389648438,869.565185546875 , 0.6903368234634399) | (168.42428588867188,610.8959350585938,259.9494323730469,869.1886596679688 , 0.6823984980583191) | (962.4678955078125,926.384521484375,1057.4256591796875,1023.10595703125 , 0.5293658375740051) | (880.1544799804688,959.9130859375,908.1664428710938,1023.087646484375 , 0.33102288842201233) | (783.885986328125,883.400390625,860.34814453125,1023.299560546875 , 0.25351667404174805)"
100019.jpg,"(1192.3349609375,1.3803863525390625,1279.40234375,217.76251220703125 , 0.27436959743499756)"
100027.jpg,"(1143.468017578125,82.2572250366211,1201.555908203125,284.2266540527344 , 0.758547306060791) | (1099.678466796875,102.92568969726562,1151.0380859375,270.3243713378906 , 0.5556640028953552)"
100053.jpg,"(650.7673950195312,432.84381103515625,684.9915161132812,508.75592041015625 , 0.5650226473808289) | (684.6663818359375,442.50482177734375,714.2445068359375,517.3096313476562 , 0.35909533500671387)"
100092.jpg,"(1187.42529296875,139.78497314453125,1229.21533203125,221.83343505859375 , 0.3022017776966095) | (1127.561767578125,477.48681640625,1227.374267578125,691.9154052734375 , 0.2989586591720581)"
100156.jpg,"(368.819091796875,853.6907958984375,504.73193359375,1022.9654541015625 , 0.4718484580516815)"
100171.jpg,"(1067.9078369140625,571.1990356445312,1193.7589111328125,754.7684936523438 , 0.6948262453079224) | (649.351318359375,431.01385498046875,685.218505859375,507.4501953125 , 0.6363230347633362) | (598.4908447265625,664.7864990234375,691.264404296875,804.0447998046875 , 0.5925239324569702) | (597.33837890625,660.4969482421875,692.826904296875,869.3677978515625 , 0.36494186520576477) | (682.2289428710938,444.1392822265625,712.3009643554688,513.6597900390625 , 0.31100431084632874)"
100191.jpg,"(650.3558959960938,433.81951904296875,683.9414672851562,508.53533935546875 , 0.611015260219574) | (686.422119140625,442.968994140625,713.3206787109375,515.9700927734375 , 0.5186432003974915) | (482.97125244140625,729.9871215820312,656.8501586914062,914.2238159179688 , 0.29632484912872314)"
100316.jpg,"(49.92256164550781,500.91033935546875,142.59938049316406,686.5354614257812 , 0.4913616180419922) | (298.44000244140625,720.1580810546875,430.2401123046875,949.6400146484375 , 0.2663652002811432)"
100321.jpg,"(648.3154296875,428.6199645996094,696.124755859375,511.0478210449219 , 0.5987337231636047)"
100412.jpg,
100431.jpg,"(158.29052734375,528.9647216796875,206.46151733398438,674.2440185546875 , 0.684745728969574)"
100439.jpg,"(649.7099609375,429.51300048828125,696.372802734375,514.5352783203125 , 0.580538809299469) | (1148.555419921875,36.53089904785156,1224.218017578125,227.09815979003906 , 0.5688883662223816) | (1148.287841796875,46.016090393066406,1208.677978515625,211.28054809570312 , 0.38508376479148865)"
100471.jpg,"(1240.33642578125,27.902557373046875,1279.54345703125,204.93838500976562 , 0.7220748662948608)"
100501.jpg,"(651.19921875,432.14385986328125,684.2803955078125,509.01617431640625 , 0.5751867294311523) | (683.2694091796875,441.5242919921875,713.01025390625,516.2054443359375 , 0.26662275195121765)"
100509.jpg,"(115.50511932373047,412.3621826171875,208.11334228515625,616.67578125 , 0.5616315007209778) | (521.1561279296875,687.0114135742188,657.9588623046875,914.3667602539062 , 0.39195409417152405)"
100515.jpg,"(75.95692443847656,441.8970947265625,172.4633331298828,658.91943359375 , 0.7390823364257812)"
100522.jpg,"(1075.987548828125,132.74664306640625,1140.0595703125,309.9878234863281 , 0.30066806077957153)"
100575.jpg,"(650.575927734375,431.39080810546875,695.18115234375,511.48577880859375 , 0.47537127137184143)"
100649.jpg,"(650.26318359375,429.3885192871094,691.94384765625,509.2459411621094 , 0.549428403377533)"
100663.jpg,"(649.032470703125,428.0540771484375,694.097900390625,511.159423828125 , 0.6217496395111084)"
100731.jpg,"(1111.0828857421875,119.82028198242188,1169.1363525390625,343.4129943847656 , 0.5810587406158447) | (650.6153564453125,439.87506103515625,682.0733642578125,508.03521728515625 , 0.48520734906196594) | (651.66455078125,438.15380859375,692.201171875,515.8819580078125 , 0.47355926036834717) | (112.96672821044922,411.02978515625,187.8594970703125,634.4873046875 , 0.38456687331199646) | (686.1832275390625,443.657958984375,712.1920166015625,513.8448486328125 , 0.33805811405181885) | (1075.18505859375,120.49551391601562,1169.1396484375,343.1807861328125 , 0.2681388258934021)"
100891.jpg,"(153.89010620117188,455.2960205078125,193.96017456054688,559.680908203125 , 0.4396485686302185)"
100943.jpg,"(650.322998046875,432.353515625,685.771240234375,508.3560791015625 , 0.5626044869422913) | (684.283203125,443.46295166015625,713.0869140625,515.832763671875 , 0.2767399847507477)"
100948.jpg,
100956.jpg,"(650.498779296875,431.017333984375,686.581298828125,509.009033203125 , 0.47697195410728455)"
100984.jpg,"(650.6250610351562,430.4347229003906,685.9463500976562,509.8031921386719 , 0.5564184188842773) | (270.951416015625,421.08831787109375,313.8876953125,563.1648559570312 , 0.5174969434738159)"
101000.jpg,"(648.1494750976562,429.571533203125,691.5707397460938,509.142822265625 , 0.6666978001594543)"
101016.jpg,"(651.1480102539062,430.40155029296875,694.2074584960938,516.43505859375 , 0.5814149379730225) | (412.23876953125,459.46795654296875,471.75628662109375,541.9506225585938 , 0.3432968854904175) | (686.9954833984375,439.55218505859375,716.16259765625,515.5874633789062 , 0.2608471214771271)"
101252.jpg,"(651.0263061523438,432.84588623046875,684.4070434570312,507.27032470703125 , 0.5501530766487122) | (686.0380249023438,442.577880859375,713.8994750976562,512.1709594726562 , 0.434232622385025) | (653.0964965820312,434.59930419921875,692.7522583007812,514.8074951171875 , 0.3463953137397766)"
101298.jpg,"(1224.18310546875,20.523635864257812,1279.4267578125,217.82330322265625 , 0.7136537432670593)"
110034.jpg,"(650.914306640625,483.2997741699219,731.978515625,662.519287109375 , 0.7415230870246887)"
110049.jpg,"(545.5499267578125,741.538330078125,627.8438720703125,956.399658203125 , 0.782844603061676)"
110128.jpg,
110157.jpg,"(648.61181640625,471.8351745605469,704.157958984375,642.038330078125 , 0.680021345615387) | (698.6400146484375,476.5050354003906,761.223876953125,647.1121826171875 , 0.6516162157058716) | (981.213134765625,438.8165588378906,1043.8955078125,610.7376708984375 , 0.5248028039932251)"
110168.jpg,"(119.12720489501953,793.3690795898438,185.9512939453125,970.0690307617188 , 0.3114277720451355)"
110178.jpg,"(521.1925659179688,920.239990234375,592.4365844726562,1023.397216796875 , 0.6311725974082947) | (414.76702880859375,770.783935546875,479.2100830078125,930.961181640625 , 0.5316799283027649) | (100.42097473144531,819.7280883789062,156.89039611816406,974.5060424804688 , 0.3679354786872864)"
110183.jpg,"(516.7359619140625,827.63525390625,584.79833984375,1012.417724609375 , 0.7883090376853943)"
110185.jpg,"(621.7432861328125,525.1474609375,701.2764892578125,679.197509765625 , 0.4385254681110382)"
110188.jpg,"(500.7044677734375,619.635009765625,571.1807861328125,817.752197265625 , 0.723375141620636)"
110200.jpg,"(112.86277770996094,771.8699951171875,172.2145233154297,957.3167724609375 , 0.3758210241794586)"
110201.jpg,"(602.361572265625,599.4036254882812,670.351318359375,778.2936401367188 , 0.7334898114204407) | (733.507080078125,595.160888671875,814.16259765625,781.050048828125 , 0.7264381051063538) | (523.6658935546875,602.7871704101562,590.4722900390625,774.6515502929688 , 0.5502768754959106)"
110216.jpg,"(111.3267822265625,769.9254150390625,173.80105590820312,957.5015869140625 , 0.45829832553863525)"
110237.jpg,"(735.3264770507812,443.80963134765625,791.4580688476562,597.2255249023438 , 0.729487955570221) | (676.6594848632812,458.45001220703125,735.4364624023438,605.2959594726562 , 0.612299382686615)"
110239.jpg,"(631.647705078125,497.02423095703125,699.6900634765625,679.4120483398438 , 0.5814473032951355) | (692.9365844726562,502.517822265625,746.3914184570312,671.39306640625 , 0.41815027594566345)"
110246.jpg,"(115.85850524902344,769.8341064453125,173.44667053222656,954.9674072265625 , 0.5004314184188843)"
110258.jpg,"(155.36810302734375,839.497314453125,239.47967529296875,1023.076416015625 , 0.47753700613975525)"
110259.jpg,"(626.5051879882812,542.3734130859375,679.1173706054688,698.2073974609375 , 0.4690166115760803)"
110271.jpg,"(594.4784545898438,582.0076904296875,654.0371704101562,748.3560791015625 , 0.6968972682952881) | (519.2716064453125,588.1583251953125,582.891357421875,752.1795654296875 , 0.6109585165977478)"
110280.jpg,"(179.83380126953125,813.184814453125,258.37066650390625,992.54296875 , 0.48203375935554504) | (92.7267837524414,814.5181884765625,179.36087036132812,1003.81005859375 , 0.40160277485847473)"
110283.jpg,"(135.29165649414062,729.90625,190.60983276367188,916.13232421875 , 0.7090467214584351)"
110317.jpg,"(641.7686767578125,679.3289794921875,692.660888671875,824.2122802734375 , 0.6834461092948914)"
110323.jpg,
110327.jpg,"(709.277587890625,505.2998046875,766.52734375,693.8023681640625 , 0.7353866100311279)"
110370.jpg,"(594.4017333984375,526.7163696289062,652.263671875,708.7979125976562 , 0.4814477562904358) | (645.489013671875,534.0318603515625,704.429931640625,695.4801025390625 , 0.46380186080932617)"
110394.jpg,"(127.10502624511719,767.180419921875,183.53782653808594,955.75048828125 , 0.6769819855690002) | (645.9544677734375,888.1898193359375,755.3162841796875,1022.688720703125 , 0.2769034802913666)"
110413.jpg,"(115.23554229736328,839.935791015625,200.21771240234375,1008.50830078125 , 0.733763575553894) | (402.822998046875,694.1414794921875,457.73486328125,842.1156005859375 , 0.6504727005958557)"
110422.jpg,"(734.0260009765625,897.078369140625,797.7381591796875,1023.213623046875 , 0.7456400990486145) | (540.789794921875,594.931640625,621.4434814453125,793.052490234375 , 0.43440482020378113)"
110449.jpg,"(113.29475402832031,777.568603515625,173.84120178222656,957.2786865234375 , 0.34678441286087036)"
110466.jpg,"(571.9434814453125,549.7916259765625,648.6029052734375,736.8162841796875 , 0.6884779334068298) | (572.9498291015625,817.6007080078125,621.6070556640625,900.5257568359375 , 0.3783230185508728)"
110484.jpg,
120003.jpg,
120017.jpg,
120031.jpg,"(658.7508544921875,730.3438720703125,721.8267822265625,899.2852783203125 , 0.5956699848175049)"
120084.jpg,
120088.jpg,"(787.55078125,656.1241455078125,852.82763671875,841.0325927734375 , 0.8263951539993286) | (722.7040405273438,645.248779296875,779.9868774414062,829.33251953125 , 0.7957084774971008) | (1177.8525390625,489.0115966796875,1224.467041015625,598.4212646484375 , 0.41776353120803833) | (1176.543212890625,573.783447265625,1241.195556640625,735.8251953125 , 0.4125959277153015) | (1226.342041015625,499.3746032714844,1279.697509765625,660.7955322265625 , 0.2963367700576782)"
120101.jpg,"(908.3533935546875,607.599365234375,979.6993408203125,784.14013671875 , 0.7470385432243347) | (1197.1175537109375,458.6436462402344,1247.1453857421875,610.4854736328125 , 0.5871976613998413)"
120103.jpg,
120118.jpg,"(752.5635986328125,694.9000854492188,808.186279296875,876.7589721679688 , 0.765586793422699) | (696.8006591796875,686.736328125,751.47802734375,862.1298828125 , 0.5946666598320007) | (1043.42529296875,619.4769897460938,1116.92138671875,758.8322143554688 , 0.5410081744194031) | (1065.1607666015625,628.5657348632812,1116.5120849609375,755.6267700195312 , 0.49162355065345764)"
120146.jpg,"(1165.81396484375,518.7266845703125,1212.53515625,636.8629150390625 , 0.3334784209728241) | (1085.605224609375,598.5477905273438,1131.438720703125,744.9086303710938 , 0.3023253083229065)"
120158.jpg,"(1094.401123046875,551.54248046875,1155.131103515625,715.869140625 , 0.6352735757827759)"
120164.jpg,
120172.jpg,"(707.8248291015625,739.6170043945312,772.6905517578125,906.8713989257812 , 0.649279773235321)"
120180.jpg,"(1180.277099609375,588.952392578125,1243.862548828125,730.392578125 , 0.46353328227996826)"
120193.jpg,"(631.021484375,679.560302734375,698.400146484375,860.529052734375 , 0.6241695880889893)"
120206.jpg,"(689.04248046875,718.0703125,747.984375,901.08740234375 , 0.6599106788635254) | (736.9168701171875,707.606689453125,790.4862060546875,893.7828369140625 , 0.3300875127315521)"
120214.jpg,"(1043.84375,584.0636596679688,1135.49560546875,739.2797241210938 , 0.7515270709991455)"
120221.jpg,"(1036.0498046875,519.6672973632812,1106.987548828125,715.4218139648438 , 0.7363123893737793) | (1121.3447265625,560.6287841796875,1178.25927734375,736.7620849609375 , 0.365070641040802)"
120225.jpg,
120286.jpg,"(1159.84814453125,504.69091796875,1197.4482421875,604.6702880859375 , 0.2847588360309601)"
120293.jpg,
120323.jpg,"(1160.517822265625,497.184326171875,1208.0859375,608.712158203125 , 0.3029830753803253) | (1000.77685546875,691.9664306640625,1045.936279296875,788.6392822265625 , 0.29273951053619385)"
120341.jpg,"(1147.4881591796875,495.50958251953125,1219.9193115234375,651.0010375976562 , 0.5407984852790833) | (1149.396240234375,495.8101806640625,1199.494384765625,649.13330078125 , 0.2613278031349182)"
120355.jpg,"(1187.009033203125,545.6971435546875,1235.350830078125,700.8050537109375 , 0.375661164522171)"
120357.jpg,"(881.7245483398438,615.3396606445312,939.7885131835938,790.0864868164062 , 0.6892566680908203)"
120359.jpg,"(1134.168212890625,515.41162109375,1184.043701171875,673.94189453125 , 0.718989908695221) | (1168.86669921875,521.605712890625,1236.11181640625,700.9693603515625 , 0.6948052048683167)"
120391.jpg,
120397.jpg,
120411.jpg,
120454.jpg,"(819.5335693359375,641.3336181640625,875.2618408203125,813.849365234375 , 0.5699275732040405) | (864.0196533203125,644.9083862304688,924.7835693359375,824.2533569335938 , 0.4217127561569214)"
120456.jpg,"(742.4803466796875,637.0115966796875,826.2503662109375,842.3841552734375 , 0.4303484261035919)"
130001.jpg,"(857.0911865234375,463.13519287109375,946.4642333984375,660.4190063476562 , 0.5593633055686951) | (749.510498046875,456.54296875,817.79931640625,654.823486328125 , 0.5131136178970337) | (825.828125,388.4587097167969,896.2041015625,510.5402526855469 , 0.3606288731098175) | (819.0562133789062,382.57861328125,895.1580200195312,571.3443603515625 , 0.3537205159664154)"
130004.jpg,"(832.6126708984375,395.43157958984375,903.3204345703125,584.7791748046875 , 0.6414887309074402)"
130011.jpg,"(730.9239501953125,615.2813720703125,810.0572509765625,793.8211669921875 , 0.751960039138794) | (800.7432250976562,409.600341796875,901.4971313476562,622.96337890625 , 0.7021552324295044) | (710.768798828125,608.0481567382812,751.925537109375,736.5971069335938 , 0.49028053879737854) | (767.5265502929688,632.45947265625,811.4144897460938,789.488525390625 , 0.25648537278175354)"
130017.jpg,"(816.719970703125,411.5651550292969,882.416015625,633.483642578125 , 0.7549830675125122) | (866.90283203125,823.5,955.833984375,1017.5546875 , 0.5000009536743164) | (839.7639770507812,824.8201904296875,966.3041381835938,1022.9295654296875 , 0.299874871969223)"
130058.jpg,
130068.jpg,"(933.38232421875,295.33843994140625,1005.4932861328125,486.06817626953125 , 0.524461030960083)"
130093.jpg,"(857.397216796875,396.563232421875,932.026611328125,585.3609008789062 , 0.7151349782943726)"
130110.jpg,"(910.6995849609375,457.0828552246094,955.23046875,592.5277099609375 , 0.4934736490249634)"
130136.jpg,"(911.4940185546875,416.00213623046875,971.0772705078125,591.2745971679688 , 0.6332183480262756) | (967.6055297851562,452.1175537109375,1009.4358520507812,562.4647216796875 , 0.30823811888694763)"
130146.jpg,
130149.jpg,
130154.jpg,
130165.jpg,"(882.7704467773438,471.13153076171875,953.0755004882812,641.9754028320312 , 0.5748026967048645) | (610.4703369140625,927.9566040039062,662.5560302734375,1023.4868774414062 , 0.2531566917896271)"
130204.jpg,"(9.31414794921875,731.5386962890625,135.5130615234375,964.8697509765625 , 0.3870791494846344)"
130243.jpg,
130245.jpg,"(685.09228515625,503.8433532714844,766.350830078125,719.3934326171875 , 0.3814772963523865) | (804.25830078125,517.5625,863.17333984375,702.773193359375 , 0.33479043841362)"
130272.jpg,"(70.31283569335938,689.070068359375,132.5067901611328,900.900146484375 , 0.5370732545852661) | (20.65416717529297,699.0153198242188,76.84696960449219,887.7276000976562 , 0.494405061006546) | (1170.5794677734375,656.7877807617188,1245.2808837890625,824.9484252929688 , 0.40603891015052795) | (1014.4473876953125,701.4854736328125,1076.2899169921875,866.4439697265625 , 0.2968448996543884)"
130300.jpg,"(806.7825317382812,460.9747009277344,891.9304809570312,640.4163818359375 , 0.5730910897254944)"
130318.jpg,"(695.3055419921875,567.0250244140625,752.6690673828125,726.7989501953125 , 0.6348499059677124)"
130334.jpg,
130338.jpg,
130363.jpg,
130407.jpg,"(805.678466796875,495.3551940917969,872.01806640625,611.442626953125 , 0.271999329328537)"
130417.jpg,
130425.jpg,
130433.jpg,"(941.49169921875,287.464111328125,1005.9134521484375,477.94580078125 , 0.7828298807144165) | (735.7412109375,454.1524963378906,830.723876953125,642.5980224609375 , 0.48123452067375183)"
130440.jpg,"(831.683349609375,558.1287841796875,880.05078125,672.3673095703125 , 0.5391502976417542) | (603.2750244140625,665.9092407226562,678.2423095703125,783.6813354492188 , 0.477254718542099) | (815.7447509765625,517.152587890625,846.394287109375,577.712890625 , 0.43784451484680176)"
130479.jpg,
130498.jpg,"(1.0731430053710938,692.1341552734375,97.51747131347656,891.84814453125 , 0.7511056065559387)"
130499.jpg,
140003.jpg,"(603.656982421875,298.531005859375,682.357177734375,538.738525390625 , 0.8469575643539429)"
140011.jpg,
140033.jpg,"(416.94287109375,471.15045166015625,499.1295166015625,647.5568237304688 , 0.8392639756202698)"
140047.jpg,"(429.197265625,389.896240234375,542.7828979492188,607.9502563476562 , 0.35610654950141907)"
140049.jpg,"(726.0924682617188,284.0382080078125,803.7234497070312,520.5135498046875 , 0.8207119703292847)"
140062.jpg,"(576.9560546875,392.395751953125,684.808349609375,637.25927734375 , 0.8721293807029724)"
140064.jpg,"(906.2291259765625,695.9471435546875,1069.8729248046875,954.030029296875 , 0.7889878749847412) | (878.7670288085938,666.7789306640625,985.5276489257812,958.5111083984375 , 0.3212653398513794)"
140067.jpg,"(590.89404296875,236.830810546875,697.913330078125,483.593994140625 , 0.7986077666282654)"
140073.jpg,"(752.7565307617188,253.71859741210938,807.3560180664062,485.8333435058594 , 0.425527960062027)"
140087.jpg,"(548.9640502929688,434.5236511230469,626.4540405273438,630.165771484375 , 0.8468038439750671) | (435.54705810546875,800.7198486328125,543.4953002929688,994.9256591796875 , 0.27956610918045044)"
140089.jpg,
140157.jpg,"(451.71063232421875,377.72216796875,548.861083984375,576.0346069335938 , 0.2846832871437073)"
140173.jpg,"(599.5126953125,263.83526611328125,689.1468505859375,580.5343017578125 , 0.7370401620864868)"
140191.jpg,"(617.4066162109375,221.2445831298828,696.7469482421875,453.89849853515625 , 0.38447487354278564)"
140210.jpg,"(629.80615234375,365.47052001953125,702.724365234375,630.0906372070312 , 0.8233681917190552) | (706.74267578125,207.0091552734375,779.531494140625,441.89178466796875 , 0.44520047307014465)"
140252.jpg,
140258.jpg,"(557.638916015625,318.8372802734375,676.577880859375,570.1439208984375 , 0.8219777941703796) | (505.1449279785156,299.95220947265625,569.3358154296875,545.1851196289062 , 0.6800195574760437)"
140261.jpg,
140267.jpg,"(390.9718017578125,236.72021484375,452.11785888671875,311.11602783203125 , 0.31964659690856934)"
140290.jpg,"(1040.38818359375,589.9410400390625,1128.4306640625,835.0355224609375 , 0.7751638293266296) | (224.17437744140625,377.3282470703125,295.18524169921875,491.2437744140625 , 0.3596574366092682) | (371.6824951171875,745.583740234375,510.86474609375,1008.122314453125 , 0.3036334812641144)"
140302.jpg,"(596.1469116210938,715.12109375,678.9379272460938,958.4365234375 , 0.8249819874763489)"
140311.jpg,"(652.4853515625,247.58685302734375,739.269775390625,493.51593017578125 , 0.8100968599319458) | (722.1331787109375,272.4573059082031,786.4530029296875,508.7093200683594 , 0.6555505394935608)"
140312.jpg,"(546.4132690429688,270.29486083984375,633.7921752929688,517.3046875 , 0.7440317273139954)"
140355.jpg,"(511.83880615234375,408.907470703125,597.4646606445312,627.3409423828125 , 0.88431316614151)"
140406.jpg,"(548.154296875,407.3331298828125,631.128662109375,632.220947265625 , 0.867392897605896) | (717.8111572265625,236.97633361816406,809.96337890625,495.509033203125 , 0.7978012561798096)"
140418.jpg,"(205.93267822265625,384.69366455078125,288.51019287109375,489.12701416015625 , 0.3182331621646881) | (626.2337036132812,338.90252685546875,771.7844848632812,605.0247192382812 , 0.3077518045902252)"
140437.jpg,"(599.697509765625,223.65838623046875,731.498291015625,460.63067626953125 , 0.770616888999939)"
140458.jpg,
140459.jpg,
140461.jpg,"(496.0570068359375,343.08251953125,603.52099609375,586.4192504882812 , 0.8261461853981018)"
150017.jpg,"(623.1265869140625,224.6789093017578,785.0863037109375,562.8088989257812 , 0.5642710328102112) | (646.1676025390625,286.8023681640625,785.7000732421875,561.9288940429688 , 0.5059816241264343) | (53.181129455566406,239.7025146484375,116.91507720947266,357.09259033203125 , 0.32653331756591797) | (480.66375732421875,114.7210693359375,552.4345092773438,259.57611083984375 , 0.2814355194568634) | (421.8143310546875,188.3138427734375,559.1317138671875,482.5634765625 , 0.2710414528846741)"
150027.jpg,"(169.35275268554688,313.02191162109375,312.74127197265625,590.5775146484375 , 0.6190548539161682)"
150037.jpg,"(656.5467529296875,254.9033203125,796.8331298828125,553.4596557617188 , 0.5618833303451538) | (655.9694213867188,241.15228271484375,763.2111206054688,533.2403564453125 , 0.3114458918571472) | (692.590087890625,285.4840087890625,795.8172607421875,553.2921142578125 , 0.3081197738647461)"
150082.jpg,"(594.5418090820312,176.2508544921875,721.8302612304688,449.65216064453125 , 0.802074134349823) | (458.26849365234375,237.8453369140625,583.3345336914062,578.5670166015625 , 0.47003135085105896)"
150093.jpg,"(815.258544921875,212.66656494140625,973.151611328125,499.1109619140625 , 0.5502895712852478)"
150107.jpg,"(619.2252197265625,121.707763671875,759.7603759765625,383.8661193847656 , 0.7615586519241333) | (852.463134765625,134.00979614257812,963.008544921875,411.9689025878906 , 0.7245756387710571) | (900.387939453125,228.3174591064453,978.647705078125,460.63800048828125 , 0.39258161187171936)"
150119.jpg,"(677.1204833984375,269.06182861328125,800.4178466796875,562.9910888671875 , 0.7231025099754333)"
150122.jpg,"(0.0,321.971435546875,91.90206909179688,631.85205078125 , 0.6585319638252258)"
150127.jpg,"(527.0545654296875,193.54026794433594,671.5745849609375,446.9090576171875 , 0.797435998916626)"
150164.jpg,"(765.95556640625,652.8755493164062,926.025634765625,911.9032592773438 , 0.7517449259757996) | (749.2485961914062,162.78587341308594,899.1036987304688,432.7880859375 , 0.5894859433174133)"
150178.jpg,
150238.jpg,"(812.9486083984375,263.31494140625,955.4061279296875,518.5537109375 , 0.8201125264167786) | (605.6185913085938,214.28768920898438,661.4378051757812,351.3296813964844 , 0.32534417510032654) | (903.5621337890625,150.4240264892578,978.9427490234375,404.24224853515625 , 0.3205438554286957)"
150256.jpg,"(617.2530517578125,152.51211547851562,748.3748779296875,444.8125915527344 , 0.29799556732177734)"
150273.jpg,"(458.513427734375,300.58233642578125,558.8009033203125,579.6024780273438 , 0.5259434580802917)"
150284.jpg,
150307.jpg,"(865.0159912109375,252.63409423828125,949.8514404296875,492.19293212890625 , 0.4750217795372009) | (818.4306030273438,251.96839904785156,949.6332397460938,491.919677734375 , 0.3904389441013336)"
150325.jpg,"(821.3634643554688,199.28143310546875,965.2418823242188,543.8760375976562 , 0.7271689772605896) | (833.2679443359375,285.69189453125,965.1929931640625,543.2430419921875 , 0.3470908999443054)"
150373.jpg,
150394.jpg,"(759.1041259765625,190.9345245361328,923.5855712890625,480.89141845703125 , 0.7475892901420593)"
150404.jpg,"(682.190673828125,125.17608642578125,766.5108642578125,404.38507080078125 , 0.8155174255371094)"
150406.jpg,"(821.583740234375,189.9920654296875,924.978271484375,544.7157592773438 , 0.6019625663757324)"
150483.jpg,
150487.jpg,"(757.5411376953125,153.5353240966797,839.2877197265625,418.43707275390625 , 0.6418301463127136)"
150530.jpg,"(517.6553955078125,210.1754913330078,656.6826171875,483.34515380859375 , 0.8489387035369873)"
150547.jpg,"(579.1668701171875,194.83078002929688,706.8826904296875,464.7576599121094 , 0.5386956334114075)"
150557.jpg,"(566.451171875,183.79258728027344,652.11962890625,435.015869140625 , 0.6664592623710632)"
150582.jpg,"(826.4091796875,202.9051513671875,917.555908203125,437.4422607421875 , 0.5313579440116882)"
150594.jpg,"(795.7874755859375,291.3970947265625,931.7142333984375,571.9554443359375 , 0.8721722960472107)"
150600.jpg,"(604.1393432617188,133.8684539794922,713.7860717773438,386.68109130859375 , 0.7817890048027039)"
150601.jpg,
